{"cameraMode":{"drawMode":0,"name":"Shaded","section":"Shading Mode"},"sceneLighting":true,"audioPlay":false,"sceneViewState":{"m_AlwaysRefresh":false,"showFog":true,"showSkybox":true,"showFlares":true,"showImageEffects":true,"showParticleSystems":true,"showVisualEffectGraphs":true,"m_FxEnabled":true},"in2DMode":false,"pivot":{"x":-5.263782501220703,"y":1.4940396547317505,"z":8.647502899169922},"rotation":{"x":0.23088818788528443,"y":0.49154630303382876,"z":-0.13702058792114259,"w":0.828471302986145},"size":1.3837339878082276,"orthographic":false}